fecha,hora_provisoria,canal,formato,pieza,carpeta,estado,requiere,programada
2026-10-13,19:00,IG+FB,carrusel,Ingresos vs. patrimonio,2026-10-13_IG-FB_carrusel_ingresos-vs-patrimonio,Borrador - pendiente de aprobacion,Basado en tu título y en tu frase del Substack 'El libro'.,No
2026-10-14,08:00,LinkedIn,texto,Ingresos vs. patrimonio,2026-10-14_LinkedIn_texto_ingresos-vs-patrimonio,Borrador - pendiente de aprobacion,Basado en tu título y en tu frase del Substack 'El libro'.,No
2026-10-15,12:00,IG+FB,estatico,Ingresos vs. patrimonio,2026-10-15_IG-FB_estatico_ingresos-vs-patrimonio,Borrador - pendiente de aprobacion,Basado en tu título y en tu frase del Substack 'El libro'.,No
2026-10-20,19:00,IG+FB,carrusel,Emprendimiento vs. patrimonio,2026-10-20_IG-FB_carrusel_emprendimiento-vs-patrimonio,Borrador - pendiente de aprobacion,Basado en tu título de artículo. El desarrollo es propuesta mía: corregilo.,No
2026-10-21,08:00,LinkedIn,texto,Emprendimiento vs. patrimonio,2026-10-21_LinkedIn_texto_emprendimiento-vs-patrimonio,Borrador - pendiente de aprobacion,Basado en tu título de artículo. El desarrollo es propuesta mía: corregilo.,No
2026-10-22,12:00,IG+FB,estatico,Emprendimiento vs. patrimonio,2026-10-22_IG-FB_estatico_emprendimiento-vs-patrimonio,Borrador - pendiente de aprobacion,Basado en tu título de artículo. El desarrollo es propuesta mía: corregilo.,No
2026-10-27,19:00,IG+FB,carrusel,Revisión periódica de bienes en registros públicos,2026-10-27_IG-FB_carrusel_revision-de-registros-publicos,Borrador - pendiente de aprobacion,"Basado en tu texto 'un secreto, amigas'. La afirmación sobre tus clientes es tuya: confirmá que podés decirla así (sin identificar a nadie).; Cómo se hace en la práctica la consulta/estudio de registro en Costa Rica (qué se puede pedir y dónde); confirmar la redacción de la lista.",No
2026-10-28,08:00,LinkedIn,texto + documento PDF,Revisión periódica de bienes en registros públicos,2026-10-28_LinkedIn_texto_revision-de-registros-publicos,Borrador - pendiente de aprobacion,"Basado en tu texto 'un secreto, amigas'. La afirmación sobre tus clientes es tuya: confirmá que podés decirla así (sin identificar a nadie).; Cómo se hace en la práctica la consulta/estudio de registro en Costa Rica (qué se puede pedir y dónde); confirmar la redacción de la lista.",No
2026-10-29,12:00,IG+FB,estatico,Revisión periódica de bienes en registros públicos,2026-10-29_IG-FB_estatico_revision-de-registros-publicos,Borrador - pendiente de aprobacion,"Basado en tu texto 'un secreto, amigas'. La afirmación sobre tus clientes es tuya: confirmá que podés decirla así (sin identificar a nadie).; Cómo se hace en la práctica la consulta/estudio de registro en Costa Rica (qué se puede pedir y dónde); confirmar la redacción de la lista.",No
2026-11-03,19:00,IG+FB,carrusel,Nunca es tarde (relato personal),2026-11-03_IG-FB_carrusel_nunca-es-tarde,Borrador - pendiente de aprobacion,"RELATO PERSONAL: es tuyo, adaptado de tu mensaje. Requiere tu aprobación explícita antes de publicarse.",No
2026-11-04,08:00,LinkedIn,texto,Nunca es tarde (relato personal),2026-11-04_LinkedIn_texto_nunca-es-tarde,Borrador - pendiente de aprobacion,"RELATO PERSONAL: es tuyo, adaptado de tu mensaje. Requiere tu aprobación explícita antes de publicarse.",No
2026-11-05,12:00,IG+FB,estatico,Nunca es tarde (relato personal),2026-11-05_IG-FB_estatico_nunca-es-tarde,Borrador - pendiente de aprobacion,"RELATO PERSONAL: es tuyo, adaptado de tu mensaje. Requiere tu aprobación explícita antes de publicarse.",No
2026-11-10,19:00,IG+FB,carrusel,Creencias heredadas del sistema económico,2026-11-10_IG-FB_carrusel_creencias-heredadas,Borrador - pendiente de aprobacion,Basado en tu texto sobre creencias y sistema económico. Omití la frase 'con nuestros cuerpos'; decime si querés incluirla.; Afirmación histórica ('el control de nuestro dinero es reciente'): es tuya; conviene tener un dato o fuente para respaldarla si te la cuestionan.; Respaldo histórico para 'el control de nuestro dinero es reciente'.,No
2026-11-11,08:00,LinkedIn,texto,Creencias heredadas del sistema económico,2026-11-11_LinkedIn_texto_creencias-heredadas,Borrador - pendiente de aprobacion,Basado en tu texto sobre creencias y sistema económico. Omití la frase 'con nuestros cuerpos'; decime si querés incluirla.; Afirmación histórica ('el control de nuestro dinero es reciente'): es tuya; conviene tener un dato o fuente para respaldarla si te la cuestionan.; Respaldo histórico para 'el control de nuestro dinero es reciente'.,No
2026-11-12,12:00,IG+FB,estatico,Creencias heredadas del sistema económico,2026-11-12_IG-FB_estatico_creencias-heredadas,Borrador - pendiente de aprobacion,Basado en tu texto sobre creencias y sistema económico. Omití la frase 'con nuestros cuerpos'; decime si querés incluirla.; Respaldo histórico para 'el control de nuestro dinero es reciente'.,No
2026-11-17,19:00,IG+FB,carrusel,Separar cuentas del negocio y personales,2026-11-17_IG-FB_carrusel_separar-cuentas,Borrador - pendiente de aprobacion,Basado en tu libro (pp. 51 y 64). Los pasos de la diapositiva 4 son propuesta mía.,No
2026-11-18,08:00,LinkedIn,texto,Separar cuentas del negocio y personales,2026-11-18_LinkedIn_texto_separar-cuentas,Borrador - pendiente de aprobacion,Basado en tu libro (pp. 51 y 64). Los pasos de la diapositiva 4 son propuesta mía.,No
2026-11-19,12:00,IG+FB,estatico,Separar cuentas del negocio y personales,2026-11-19_IG-FB_estatico_separar-cuentas,Borrador - pendiente de aprobacion,Basado en tu libro (pp. 51 y 64). Los pasos de la diapositiva 4 son propuesta mía.,No
2026-11-24,19:00,IG+FB,carrusel,Tres obstáculos entre arrancar y consolidar,2026-11-24_IG-FB_carrusel_tres-obstaculos,Borrador - pendiente de aprobacion,Basado en tu artículo del 28 de agosto. Sin cifras en las piezas hasta verificar los informes.; Confirmar las cifras de GEM 2024/2025 e IV Informe de Brechas INAMU antes de citar números. La pieza solo usa la tesis.,No
2026-11-25,08:00,LinkedIn,texto + documento PDF,Tres obstáculos entre arrancar y consolidar,2026-11-25_LinkedIn_texto_tres-obstaculos,Borrador - pendiente de aprobacion,Basado en tu artículo del 28 de agosto. Sin cifras en las piezas hasta verificar los informes.; Confirmar las cifras de GEM 2024/2025 e IV Informe de Brechas INAMU antes de citar números. La pieza solo usa la tesis.,No
2026-11-26,12:00,IG+FB,estatico,Tres obstáculos entre arrancar y consolidar,2026-11-26_IG-FB_estatico_tres-obstaculos,Borrador - pendiente de aprobacion,Basado en tu artículo del 28 de agosto. Sin cifras en las piezas hasta verificar los informes.; Confirmar las cifras de GEM 2024/2025 e IV Informe de Brechas INAMU antes de citar números. La pieza solo usa la tesis.,No
2026-12-01,19:00,IG+FB,carrusel,Libros legales de la sociedad,2026-12-01_IG-FB_carrusel_libros-legales,Borrador - pendiente de aprobacion,"Basado en tu libro (pp. 29-33). Contiene un llamado a consultar: activar SOLO si ya existe el formulario; si no, reemplazar por 'guardá esta publicación'.; Lista de libros legales de la S.A. y de la S.R.L. según el Código de Comercio vigente.",No
2026-12-02,08:00,LinkedIn,texto,Libros legales de la sociedad,2026-12-02_LinkedIn_texto_libros-legales,Borrador - pendiente de aprobacion,"Basado en tu libro (pp. 29-33). Contiene un llamado a consultar: activar SOLO si ya existe el formulario; si no, reemplazar por 'guardá esta publicación'.; Lista de libros legales de la S.A. y de la S.R.L. según el Código de Comercio vigente.",No
2026-12-03,12:00,IG+FB,estatico,Libros legales de la sociedad,2026-12-03_IG-FB_estatico_libros-legales,Borrador - pendiente de aprobacion,"Basado en tu libro (pp. 29-33). Contiene un llamado a consultar: activar SOLO si ya existe el formulario; si no, reemplazar por 'guardá esta publicación'.; Lista de libros legales de la S.A. y de la S.R.L. según el Código de Comercio vigente.",No
2026-12-08,19:00,IG+FB,carrusel,Aceptar un cargo en una sociedad,2026-12-08_IG-FB_carrusel_cargo-en-sociedad,Borrador - pendiente de aprobacion,"Carrusel ya producido (8 diapositivas, portada incluida). Pendiente verificar la norma de responsabilidad del representante legal.; Responsabilidad personal del representante legal por deudas con Hacienda y CCSS (tu libro pp. 26-28, nota 23).",No
2026-12-09,08:00,LinkedIn,texto,Aceptar un cargo en una sociedad,2026-12-09_LinkedIn_texto_cargo-en-sociedad,Borrador - pendiente de aprobacion,"Carrusel ya producido (8 diapositivas, portada incluida). Pendiente verificar la norma de responsabilidad del representante legal.; Responsabilidad personal del representante legal por deudas con Hacienda y CCSS (tu libro pp. 26-28, nota 23).",No
2026-12-10,12:00,IG+FB,estatico,Aceptar un cargo en una sociedad,2026-12-10_IG-FB_estatico_cargo-en-sociedad,Borrador - pendiente de aprobacion,"Carrusel ya producido (8 diapositivas, portada incluida). Pendiente verificar la norma de responsabilidad del representante legal.; Responsabilidad personal del representante legal por deudas con Hacienda y CCSS (tu libro pp. 26-28, nota 23).",No
2026-12-15,19:00,IG+FB,carrusel,El libro que me hubiera gustado tener,2026-12-15_IG-FB_carrusel_el-libro,Borrador - pendiente de aprobacion,Basado en tu artículo 'El libro' (Substack). Incluye la portada real. Confirmá el enlace de Amazon y el precio antes de programar.,No
2026-12-16,08:00,LinkedIn,texto + documento PDF,El libro que me hubiera gustado tener,2026-12-16_LinkedIn_texto_el-libro,Borrador - pendiente de aprobacion,Basado en tu artículo 'El libro' (Substack). Incluye la portada real. Confirmá el enlace de Amazon y el precio antes de programar.,No
2026-12-17,12:00,IG+FB,estatico,El libro que me hubiera gustado tener,2026-12-17_IG-FB_estatico_el-libro,Borrador - pendiente de aprobacion,Basado en tu artículo 'El libro' (Substack). Incluye la portada real. Confirmá el enlace de Amazon y el precio antes de programar.,No
2026-12-22,19:00,IG+FB,carrusel,Cinco preguntas para cerrar el año,2026-12-22_IG-FB_carrusel_cierre-de-ano,Borrador - pendiente de aprobacion,Solo preguntas; sin datos ni normas.,No
2026-12-23,08:00,LinkedIn,texto,Cinco preguntas para cerrar el año,2026-12-23_LinkedIn_texto_cierre-de-ano,Borrador - pendiente de aprobacion,Solo preguntas; sin datos ni normas.,No
2026-12-29,19:00,IG+FB,carrusel,Lo que quiero seguir preguntando en 2027,2026-12-29_IG-FB_carrusel_preguntas-2027,Borrador - pendiente de aprobacion,"Las preguntas salen de tus textos. Si preferís otras para 2027, cambialas.",No
2026-12-30,08:00,LinkedIn,texto,Lo que quiero seguir preguntando en 2027,2026-12-30_LinkedIn_texto_preguntas-2027,Borrador - pendiente de aprobacion,"Las preguntas salen de tus textos. Si preferís otras para 2027, cambialas.",No
2026-12-31,12:00,IG+FB,estatico,Lo que quiero seguir preguntando en 2027,2026-12-31_IG-FB_estatico_preguntas-2027,Borrador - pendiente de aprobacion,"Las preguntas salen de tus textos. Si preferís otras para 2027, cambialas.",No
