fecha_pieza,canal,pieza,programada_por_karina(fecha),confirmacion,observaciones
2026-10-13,IG+FB,Ingresos vs. patrimonio,2026-10-09 (autoinformado),Karina lo informó en el chat; sin verificación independiente,Incluye semana 3 con casilla 'Verificar' que Karina aceptó al programar
2026-10-14,LinkedIn,Ingresos vs. patrimonio,2026-10-09 (autoinformado),Karina lo informó en el chat; sin verificación independiente,Incluye semana 3 con casilla 'Verificar' que Karina aceptó al programar
2026-10-15,IG+FB,Ingresos vs. patrimonio,2026-10-09 (autoinformado),Karina lo informó en el chat; sin verificación independiente,Incluye semana 3 con casilla 'Verificar' que Karina aceptó al programar
2026-10-20,IG+FB,Emprendimiento vs. patrimonio,2026-10-09 (autoinformado),Karina lo informó en el chat; sin verificación independiente,Incluye semana 3 con casilla 'Verificar' que Karina aceptó al programar
2026-10-21,LinkedIn,Emprendimiento vs. patrimonio,2026-10-09 (autoinformado),Karina lo informó en el chat; sin verificación independiente,Incluye semana 3 con casilla 'Verificar' que Karina aceptó al programar
2026-10-22,IG+FB,Emprendimiento vs. patrimonio,2026-10-09 (autoinformado),Karina lo informó en el chat; sin verificación independiente,Incluye semana 3 con casilla 'Verificar' que Karina aceptó al programar
2026-10-27,IG+FB,Revisión periódica de bienes en registros públicos,2026-10-09 (autoinformado),Karina lo informó en el chat; sin verificación independiente,Incluye semana 3 con casilla 'Verificar' que Karina aceptó al programar
2026-10-28,LinkedIn,Revisión periódica de bienes en registros públicos,2026-10-09 (autoinformado),Karina lo informó en el chat; sin verificación independiente,Incluye semana 3 con casilla 'Verificar' que Karina aceptó al programar
2026-10-29,IG+FB,Revisión periódica de bienes en registros públicos,2026-10-09 (autoinformado),Karina lo informó en el chat; sin verificación independiente,Incluye semana 3 con casilla 'Verificar' que Karina aceptó al programar
